﻿{"cameraMode":{"drawMode":0,"name":"Shaded","section":"Shading Mode"},"sceneLighting":true,"audioPlay":false,"sceneViewState":{"showFog":true,"showMaterialUpdate":false,"showSkybox":true,"showFlares":true,"showImageEffects":true,"showParticleSystems":true},"in2DMode":false,"pivot":{"x":-0.5738887786865234,"y":2.6007518768310549,"z":-1.3805975914001465},"rotation":{"x":-0.49754270911216738,"y":-0.011192524805665017,"z":0.006420415360480547,"w":-0.867343544960022},"size":10.0,"orthographic":false}