﻿{"cameraMode":{"drawMode":0,"name":"Shaded","section":"Shading Mode"},"sceneLighting":true,"audioPlay":false,"sceneViewState":{"showFog":true,"showMaterialUpdate":false,"showSkybox":true,"showFlares":true,"showImageEffects":true,"showParticleSystems":true},"in2DMode":false,"pivot":{"x":-2.186224937438965,"y":-8.857316970825196,"z":-0.804541826248169},"rotation":{"x":-0.4896381199359894,"y":0.4224741458892822,"z":-0.2939016819000244,"w":-0.7038408517837524},"size":22.892234802246095,"orthographic":false}